question,answer
¿Qué es Hipertensión arterial?,"La hipertensión arterial es una enfermedad crónica caracterizada por una presión sanguínea persistentemente elevada (≥140/90 mmHg). Puede dañar órganos vitales como el corazón, los riñones y el cerebro, y aumenta el riesgo de enfermedades cardiovasculares."
¿Cómo se puede prevenir Hipertensión arterial?,"Se puede prevenir mediante una dieta baja en sodio, actividad física regular, control del peso, evitar el tabaquismo y el alcohol, y manejo del estrés. Una alimentación rica en frutas, verduras y baja en grasas saturadas también es clave."
¿Cómo se detecta Hipertensión arterial?,"Se detecta a través de la medición repetida de la presión arterial con un esfigmomanómetro. Para un diagnóstico preciso, se requieren lecturas elevadas en al menos dos visitas médicas diferentes."
¿Qué recomendaciones generales se deben seguir si se tiene Hipertensión arterial?,"Se recomienda mantener un estilo de vida saludable, tomar los medicamentos prescritos regularmente, monitorear la presión arterial en casa y asistir a controles médicos periódicos."
¿Qué es Diabetes tipo 2?,"Es un trastorno metabólico crónico caracterizado por resistencia a la insulina o una producción insuficiente de esta hormona, lo que provoca niveles elevados de glucosa en sangre. Se asocia con obesidad, sedentarismo y factores genéticos."
¿Cómo se puede prevenir Diabetes tipo 2?,"La prevención incluye una dieta equilibrada baja en azúcares simples, ejercicio regular, evitar el sobrepeso y mantener una circunferencia abdominal adecuada. También se recomienda evitar el tabaquismo."
¿Cómo se detecta Diabetes tipo 2?,"Se detecta mediante pruebas de glucosa en ayunas, hemoglobina glicosilada (HbA1c) y pruebas de tolerancia oral a la glucosa. Estas pruebas evalúan cómo el cuerpo metaboliza el azúcar."
¿Qué recomendaciones generales se deben seguir si se tiene Diabetes tipo 2?,"Es importante seguir una dieta saludable, realizar actividad física, controlar el peso, tomar los medicamentos según indicación médica y monitorear periódicamente la glucosa sanguínea."
¿Qué es Gastritis?,"La gastritis es la inflamación del revestimiento del estómago, causada comúnmente por infección por *Helicobacter pylori*, uso excesivo de antiinflamatorios (AINEs) o consumo excesivo de alcohol."
¿Cómo se puede prevenir Gastritis?,"Para prevenirla, se debe evitar el uso prolongado de AINEs, limitar el consumo de alcohol, evitar el tabaquismo, controlar el estrés y mantener una dieta equilibrada, evitando alimentos muy irritantes."
¿Cómo se detecta Gastritis?,"Se detecta mediante endoscopia digestiva alta, biopsias del revestimiento gástrico y pruebas para *Helicobacter pylori*. También se pueden realizar pruebas de aliento o antígenos en heces."
¿Qué recomendaciones generales se deben seguir si se tiene Gastritis?,"Se recomienda evitar alimentos irritantes (picantes, ácidos), no automedicarse con AINEs, reducir el estrés, seguir el tratamiento médico prescrito y realizar controles médicos si hay síntomas persistentes."
¿Qué es Colesterol alto?,"Es una condición en la cual hay niveles elevados de colesterol en la sangre, especialmente del tipo LDL (colesterol malo), lo que puede causar acumulación de placas en las arterias y aumentar el riesgo de enfermedades cardiovasculares."
¿Cómo se puede prevenir Colesterol alto?,"Puede prevenirse con una dieta baja en grasas saturadas y trans, aumento del consumo de fibra, ejercicio regular, evitando el tabaco y el alcohol, y manteniendo un peso adecuado."
¿Cómo se detecta Colesterol alto?,"Se detecta mediante un análisis de sangre llamado perfil lipídico, que mide los niveles de colesterol total, LDL, HDL (colesterol bueno) y triglicéridos."
¿Qué recomendaciones generales se deben seguir si se tiene Colesterol alto?,"Las recomendaciones incluyen una dieta saludable para el corazón, ejercicio físico, perder peso si es necesario, dejar de fumar y seguir el tratamiento médico si se prescribe estatinas u otros medicamentos."
¿Qué es Migraña?,"La migraña es un trastorno neurológico caracterizado por episodios recurrentes de dolor de cabeza intenso, pulsátil, generalmente en un solo lado de la cabeza, que puede ir acompañado de náuseas, vómitos y sensibilidad a la luz y al sonido."
¿Cómo se puede prevenir Migraña?,"Se puede prevenir identificando y evitando desencadenantes como ciertos alimentos, estrés, alteraciones del sueño y cambios hormonales. Algunos pacientes requieren tratamiento preventivo con medicamentos como betabloqueantes o antiepilépticos."
¿Cómo se detecta Migraña?,"El diagnóstico se basa en la historia clínica y los síntomas. No hay una prueba específica, pero pueden realizarse estudios de imagen (TAC o RM) si hay sospecha de otra causa neurológica."
¿Qué recomendaciones generales se deben seguir si se tiene Migraña?,"Es recomendable mantener rutinas regulares de sueño, evitar los desencadenantes conocidos, usar medicamentos según prescripción médica y asistir a seguimiento neurológico si las crisis son frecuentes o incapacitantes."
¿Qué es el cáncer de piel?,"El cáncer de piel es el crecimiento anormal de células cutáneas, generalmente como resultado de la exposición prolongada al sol o a fuentes artificiales de radiación ultravioleta. Existen varios tipos, siendo los más comunes el carcinoma basocelular, carcinoma espinocelular y el melanoma, siendo este último el más agresivo. El cáncer de piel puede aparecer en cualquier parte del cuerpo, incluso en zonas no expuestas al sol."
¿Cómo se puede prevenir el cáncer de piel?,"Para prevenir el cáncer de piel se recomienda evitar la exposición prolongada al sol, especialmente entre las 10 a. m. y 4 p. m., usar protector solar de amplio espectro con un FPS de al menos 30, reaplicarlo cada 2 horas, usar ropa protectora, sombreros de ala ancha y gafas de sol. También es importante evitar el uso de camas de bronceado y examinar la piel regularmente para detectar cambios."
¿Cómo se detecta el cáncer de piel?,"El cáncer de piel puede detectarse mediante el autoexamen regular de la piel para identificar nuevas manchas o cambios en lunares existentes. La regla ABCDE (Asimetría, Bordes irregulares, Color desigual, Diámetro mayor a 6 mm y Evolución) es útil para detectar melanomas. El diagnóstico definitivo se realiza mediante una biopsia de la lesión sospechosa realizada por un dermatólogo."
¿Qué recomendaciones generales se deben seguir si se tiene cáncer de piel?,"Las recomendaciones incluyen seguir el tratamiento indicado, que puede incluir cirugía, crioterapia, radioterapia, quimioterapia tópica o inmunoterapia, dependiendo del tipo y estadio del cáncer. Se debe evitar la exposición al sol, realizar controles dermatológicos frecuentes y educarse sobre signos de recurrencia o nuevos tumores. El apoyo psicológico también es importante para el bienestar emocional del paciente."
¿Qué es la osteoporosis?,"La osteoporosis es una enfermedad ósea crónica caracterizada por la disminución de la densidad y calidad del hueso, lo que incrementa el riesgo de fracturas. Es más frecuente en mujeres posmenopáusicas y en adultos mayores. A menudo no presenta síntomas hasta que ocurre una fractura, por lo que se considera una 'enfermedad silenciosa'."
¿Cómo se puede prevenir la osteoporosis?,"La prevención incluye una ingesta adecuada de calcio y vitamina D, la práctica regular de ejercicios con carga (como caminar o levantar pesas), evitar el tabaquismo y el consumo excesivo de alcohol, y controlar factores de riesgo como enfermedades crónicas o el uso prolongado de corticoides. En mujeres posmenopáusicas, puede considerarse la terapia hormonal bajo supervisión médica."
¿Cómo se detecta la osteoporosis?,"La principal herramienta diagnóstica es la densitometría ósea (DEXA), que mide la densidad mineral ósea en regiones como la cadera y la columna lumbar. Se recomienda en mujeres mayores de 65 años, hombres mayores de 70 o en personas con factores de riesgo. También pueden utilizarse análisis de sangre y orina para evaluar el metabolismo óseo."
¿Qué recomendaciones generales se deben seguir si se tiene osteoporosis?,"Se recomienda mantener una dieta rica en calcio y vitamina D, realizar ejercicios de resistencia y equilibrio para prevenir caídas, seguir el tratamiento farmacológico prescrito (como bifosfonatos, denosumab o teriparatida), evitar el tabaco y el alcohol, y adaptar el hogar para reducir riesgos de caídas. También se deben realizar controles periódicos de la densidad ósea."
¿Qué es la hepatitis B?,"La hepatitis B es una infección hepática causada por el virus de la hepatitis B (VHB), que puede ser aguda o crónica. Se transmite a través del contacto con sangre o fluidos corporales contaminados. La infección puede causar inflamación del hígado, cirrosis, insuficiencia hepática o cáncer hepático si no se trata adecuadamente."
¿Cómo se puede prevenir la hepatitis B?,"La medida más eficaz de prevención es la vacunación. También se debe evitar compartir agujas, cepillos de dientes o máquinas de afeitar, practicar sexo seguro usando preservativo y tomar precauciones en procedimientos médicos, tatuajes o piercings. Los trabajadores de la salud deben seguir protocolos de bioseguridad estrictos."
¿Cómo se detecta la hepatitis B?,"Se diagnostica mediante análisis de sangre que detectan antígenos y anticuerpos del virus, así como el ADN del VHB. Las pruebas incluyen HBsAg, anti-HBc y HBeAg. También se evalúa la función hepática mediante pruebas como ALT, AST y bilirrubina. En casos crónicos, puede realizarse una biopsia hepática o elastografía para evaluar daño hepático."
¿Qué recomendaciones generales se deben seguir si se tiene hepatitis B?,"Es fundamental seguir un control médico regular, evitar el alcohol y medicamentos hepatotóxicos, mantener una dieta equilibrada, y seguir el tratamiento antiviral si es indicado (como tenofovir o entecavir). Las personas infectadas deben informar a sus contactos cercanos para que puedan vacunarse y prevenir la transmisión."
¿Qué es una úlcera gástrica?,"Una úlcera gástrica es una llaga abierta que se forma en la mucosa del estómago, generalmente causada por la infección con Helicobacter pylori o por el uso prolongado de antiinflamatorios no esteroides (AINEs). Puede provocar dolor abdominal, náuseas y, en casos graves, sangrado."
¿Cómo se puede prevenir una úlcera gástrica?,"Para prevenirla se recomienda evitar el uso prolongado de AINEs, no fumar, reducir el consumo de alcohol, evitar alimentos irritantes, y tratar infecciones por H. pylori cuando se diagnostican. También es clave reducir el estrés y mantener horarios regulares de alimentación."
¿Cómo se detecta una úlcera gástrica?,"El diagnóstico se realiza mediante endoscopia digestiva alta, que permite observar directamente la lesión. También se pueden usar pruebas para detectar H. pylori, como el test de aliento, pruebas serológicas o análisis de heces. En algunos casos se realiza una biopsia durante la endoscopia."
¿Qué recomendaciones generales se deben seguir si se tiene una úlcera gástrica?,"Se debe seguir una dieta blanda, evitar irritantes gástricos (como café, alcohol, picante), cumplir el tratamiento farmacológico que suele incluir inhibidores de bomba de protones (como omeprazol) y antibióticos si hay infección por H. pylori. Es importante controlar el estrés y seguir controles médicos."
¿Qué es la enfermedad celíaca?,"La enfermedad celíaca es una afección autoinmune en la que la ingestión de gluten daña el revestimiento del intestino delgado, impidiendo la adecuada absorción de nutrientes. Afecta tanto a niños como adultos y puede manifestarse con síntomas digestivos o sistémicos."
¿Cómo se puede prevenir la enfermedad celíaca?,"No se puede prevenir completamente ya que es de origen genético, pero se puede evitar su manifestación clínica manteniendo una dieta estrictamente libre de gluten en personas diagnosticadas. La detección temprana permite evitar complicaciones a largo plazo."
¿Cómo se detecta la enfermedad celíaca?,"Se diagnostica mediante análisis de sangre que detectan anticuerpos antitransglutaminasa y antiendomisio, seguidos de una biopsia del intestino delgado obtenida por endoscopia para confirmar el daño a las vellosidades intestinales. El paciente debe estar consumiendo gluten en ese momento para asegurar la validez de las pruebas."
¿Qué recomendaciones generales se deben seguir si se tiene enfermedad celíaca?,"La única forma de tratamiento es una dieta libre de gluten de por vida. Esto implica eliminar trigo, cebada y centeno, y verificar etiquetas de alimentos procesados. Se deben realizar controles nutricionales y médicos regulares para evaluar la recuperación intestinal y prevenir deficiencias."
¿Qué es Insuficiencia cardiaca?,"La insuficiencia cardiaca es una condición en la cual el corazón no puede bombear suficiente sangre para satisfacer las necesidades del cuerpo. Puede ser consecuencia de diversas enfermedades cardiovasculares."
¿Cómo se puede prevenir Insuficiencia cardiaca?,"Se puede prevenir controlando factores de riesgo como la hipertensión, diabetes, colesterol elevado y el tabaquismo. También es clave mantener una dieta baja en sodio, hacer ejercicio y evitar el alcohol."
¿Cómo se detecta Insuficiencia cardiaca?,"Se detecta a través de la historia clínica, el examen físico, pruebas de laboratorio, ecocardiograma, electrocardiograma (ECG) y estudios de imagen como la radiografía de tórax o resonancia magnética cardiaca."
¿Qué recomendaciones generales se deben seguir si se tiene Insuficiencia cardiaca?,"Se recomienda el uso de medicamentos como IECA, beta bloqueadores, diuréticos y antagonistas de la aldosterona. Además, es fundamental el seguimiento médico, la restricción de sal, control de líquidos y ejercicio moderado supervisado."
Qué es Hernia inguinal?,"La hernia inguinal es una protrusión del contenido abdominal a través del canal inguinal. Es más común en hombres y puede ser congénita o adquirida."
¿Cómo se puede prevenir Hernia inguinal?,"Aunque algunas hernias no se pueden prevenir, se recomienda evitar levantar objetos pesados de forma incorrecta, mantener un peso saludable, tratar la tos crónica y el estreñimiento."
¿Cómo se detecta Hernia inguinal?,"Se detecta clínicamente mediante examen físico, donde se observa una masa en la región inguinal que puede aumentar al toser o hacer esfuerzo. En algunos casos se utilizan ecografía o tomografía."
¿Qué recomendaciones generales se deben seguir si se tiene Hernia inguinal?,"El tratamiento definitivo es quirúrgico. En casos leves o en pacientes no aptos para cirugía, se pueden usar soportes herniarios. Tras la cirugía, se recomienda evitar esfuerzos físicos y seguir los cuidados postoperatorios indicados."
¿Qué es Anemia ferropénica?,"Es el tipo más común de anemia y se produce por la deficiencia de hierro, lo que reduce la producción de hemoglobina y, por ende, la capacidad de transporte de oxígeno en la sangre."
¿Cómo se puede prevenir Anemia ferropénica?,"Se previene mediante una dieta rica en hierro (carnes rojas, legumbres, vegetales de hoja verde), consumo de vitamina C para mejorar la absorción y, en personas con riesgo, suplementos de hierro."
¿Cómo se detecta Anemia ferropénica?,"Se detecta con un hemograma completo que muestra bajos niveles de hemoglobina y hematocrito. También se evalúan los niveles de ferritina, hierro sérico y capacidad de fijación del hierro."
¿Qué recomendaciones generales se deben seguir si se tiene Anemia ferropénica?,"Se recomienda tratar la causa subyacente (como sangrado gastrointestinal), administrar suplementos de hierro, y fomentar una dieta adecuada. En casos graves, puede requerirse transfusión sanguínea."
¿Qué es Infección urinaria?,"Es una infección que afecta cualquier parte del sistema urinario, aunque la más común es la cistitis (infección de vejiga). Es causada generalmente por bacterias, especialmente Escherichia coli."
¿Cómo se puede prevenir Infección urinaria?,"Se previene manteniendo una buena higiene íntima, orinar después de las relaciones sexuales, beber abundante agua y evitar el uso excesivo de productos irritantes en la zona genital."
¿Cómo se detecta Infección urinaria?,"Se diagnostica con análisis de orina, cultivo de orina y, si es necesario, ecografía o cistoscopia. Los síntomas típicos incluyen dolor al orinar, aumento de la frecuencia urinaria y urgencia."
¿Qué recomendaciones generales se deben seguir si se tiene Infección urinaria?,"El tratamiento incluye antibióticos según el microorganismo causante. Se recomienda beber líquidos, evitar irritantes vesicales como cafeína y alcohol, y seguir el tratamiento completo prescrito por el médico."
¿Qué es Cálculos renales?,"Los cálculos renales son masas sólidas formadas por cristales en los riñones. Suelen estar compuestas de oxalato de calcio, pero también pueden contener otras sustancias como ácido úrico o estruvita."
¿Cómo se puede prevenir Cálculos renales?,"Para prevenir cálculos renales se recomienda beber abundante agua (al menos 2 litros al día), reducir el consumo de sal, evitar alimentos ricos en oxalato (como espinacas y chocolate) y mantener una dieta equilibrada rica en frutas y verduras."
¿Cómo se detecta Cálculos renales?,"Los cálculos renales se pueden detectar mediante estudios de imagen como ecografía, tomografía computarizada (TC) o radiografías. También se puede sospechar por síntomas como dolor agudo en la parte baja de la espalda, hematuria (sangre en la orina) y náuseas."
¿Qué recomendaciones generales se deben seguir si se tiene Cálculos renales?,"Los pacientes deben mantenerse bien hidratados, seguir una dieta baja en sodio y proteínas animales, y asistir a controles médicos para evaluar el riesgo de recurrencia. En algunos casos, se requiere tratamiento farmacológico o intervención quirúrgica."
¿Qué es Enfermedad de Crohn?,"La enfermedad de Crohn es una enfermedad inflamatoria crónica del tracto gastrointestinal, que puede afectar cualquier parte desde la boca hasta el ano, aunque comúnmente afecta el intestino delgado y el colon."
¿Cómo se puede prevenir Enfermedad de Crohn?,"No hay una forma garantizada de prevenir la enfermedad de Crohn, pero evitar el tabaquismo, reducir el estrés, mantener una dieta balanceada y evitar alimentos irritantes puede ayudar a disminuir el riesgo de brotes."
¿Cómo se detecta Enfermedad de Crohn?,"Se detecta mediante una combinación de colonoscopia con biopsia, pruebas de sangre para marcadores inflamatorios, resonancia magnética del intestino y estudios de heces."
¿Qué recomendaciones generales se deben seguir si se tiene Enfermedad de Crohn?,"Se recomienda seguir una dieta personalizada, evitar el tabaco, llevar un estilo de vida saludable, tomar medicamentos inmunosupresores o antiinflamatorios bajo prescripción médica y asistir a controles periódicos con el gastroenterólogo."
¿Qué es Cistitis?,"La cistitis es una inflamación de la vejiga urinaria, comúnmente causada por una infección bacteriana, especialmente por Escherichia coli."
¿Cómo se puede prevenir Cistitis?,"Para prevenir la cistitis es recomendable mantener una buena higiene íntima, orinar después de las relaciones sexuales, evitar el uso de productos irritantes (como duchas vaginales), y mantenerse bien hidratado."
¿Cómo se detecta Cistitis?,"Se detecta mediante un análisis de orina para identificar signos de infección (leucocitos, nitritos, bacterias) y cultivo de orina si es necesario para identificar el microorganismo."
¿Qué recomendaciones generales se deben seguir si se tiene Cistitis?,"Se debe beber abundante agua, evitar el uso de irritantes, tratar con antibióticos según prescripción médica, y evitar el uso excesivo de ropa ajustada o sintética. Consultar al médico ante síntomas recurrentes."
¿Qué es Fibromialgia?,"La fibromialgia es un trastorno caracterizado por dolor musculoesquelético generalizado, fatiga, alteraciones del sueño y problemas de memoria o estado de ánimo. No tiene una causa clara pero se asocia con una disfunción en la percepción del dolor."
¿Cómo se puede prevenir Fibromialgia?,"No se puede prevenir directamente, pero mantener una rutina de ejercicio regular, evitar el estrés crónico y mantener una buena higiene del sueño puede reducir la aparición o severidad de los síntomas."
¿Cómo se detecta Fibromialgia?,"El diagnóstico se basa en criterios clínicos, como dolor generalizado durante más de 3 meses y la exclusión de otras enfermedades. No existen pruebas de laboratorio específicas."
¿Qué recomendaciones generales se deben seguir si se tiene Fibromialgia?,"El tratamiento incluye terapia física, técnicas de relajación, ejercicio regular (como yoga o natación), terapia cognitivo-conductual y, en algunos casos, medicamentos como antidepresivos o anticonvulsivos."
¿Qué es Asma infantil?,"El asma infantil es una enfermedad respiratoria crónica caracterizada por la inflamación y estrechamiento de las vías respiratorias, lo que provoca dificultad para respirar, sibilancias, tos y opresión en el pecho. Es desencadenada por factores como alérgenos, infecciones respiratorias, ejercicio o cambios climáticos. Su manejo adecuado permite a los niños llevar una vida normal."
¿Cómo se puede prevenir Asma infantil?,"Aunque no siempre se puede prevenir completamente, reducir la exposición a factores desencadenantes como alérgenos (ácaros, polvo, polen), humo de tabaco, contaminación ambiental y evitar infecciones respiratorias frecuentes puede ayudar. También es importante una buena educación familiar sobre el manejo del asma y seguimiento médico regular."
¿Cómo se detecta Asma infantil?,"Se detecta mediante una evaluación clínica que incluye antecedentes médicos, síntomas recurrentes como tos nocturna o sibilancias, y pruebas de función pulmonar adaptadas a la edad del niño. En menores de 5 años, el diagnóstico se basa principalmente en los síntomas y la respuesta al tratamiento broncodilatador."
¿Qué recomendaciones generales se deben seguir si se tiene Asma infantil?,"Se recomienda seguir el plan de acción personalizado prescrito por el pediatra, utilizar correctamente los inhaladores (controladores y de rescate), evitar factores desencadenantes conocidos, vacunarse contra gripe y neumococo, y realizar controles médicos periódicos. La educación familiar es clave en el control de la enfermedad."
¿Qué es Varicela?,"La varicela es una enfermedad infecciosa aguda causada por el virus varicela-zóster. Es altamente contagiosa y se manifiesta con fiebre, malestar general y una erupción cutánea característica en forma de vesículas. Es común en la infancia y, aunque suele ser leve, puede tener complicaciones si no se maneja adecuadamente."
¿Cómo se puede prevenir Varicela?,"La forma más eficaz de prevenir la varicela es mediante la vacunación. La vacuna contra la varicela es segura y altamente efectiva, y forma parte del calendario de vacunación infantil en muchos países. También se deben evitar el contacto con personas infectadas y mantener medidas de higiene en caso de brote."
¿Cómo se detecta Varicela?,"Se detecta clínicamente a través de los síntomas típicos como fiebre leve, malestar general y la aparición progresiva de vesículas en la piel. El diagnóstico suele ser visual, pero en casos atípicos se puede confirmar con pruebas serológicas o identificación del virus por PCR."
¿Qué recomendaciones generales se deben seguir si se tiene Varicela?,"Se recomienda reposo, mantener una buena hidratación, evitar rascarse para prevenir infecciones secundarias, y en algunos casos usar antihistamínicos para aliviar la picazón. En niños con riesgo de complicaciones, el médico puede considerar el uso de antivirales. No se debe asistir a la escuela hasta que las lesiones se hayan secado completamente."
¿Qué es Otitis media?,"La otitis media es una inflamación o infección del oído medio, común en la infancia, especialmente en menores de 5 años. Se produce generalmente como complicación de una infección respiratoria superior. Sus síntomas incluyen dolor de oído, fiebre, irritabilidad y en algunos casos supuración del oído."
¿Cómo se puede prevenir Otitis media?,"Se puede prevenir mediante la lactancia materna, evitar la exposición al humo del tabaco, mantener las vacunas al día (especialmente neumococo e influenza), y tratar adecuadamente las infecciones respiratorias. También se recomienda evitar el uso innecesario de antibióticos para prevenir resistencia."
¿Cómo se detecta Otitis media?,"El diagnóstico se realiza mediante exploración del oído con un otoscopio, donde se puede observar el tímpano inflamado, enrojecido o con líquido detrás. El pediatra puede complementarlo con la historia clínica y los síntomas como fiebre, dolor de oído o irritabilidad."
¿Qué recomendaciones generales se deben seguir si se tiene Otitis media?,"Es fundamental seguir el tratamiento indicado por el médico, que puede incluir analgésicos, antiinflamatorios o antibióticos en casos seleccionados. También es importante mantener al niño bien hidratado y controlar la fiebre. Si hay otitis recurrente, se pueden requerir estudios adicionales o derivación al otorrinolaringólogo."
¿Qué es Bronquiolitis?,"La bronquiolitis es una infección respiratoria aguda que afecta a los bronquiolos, común en lactantes menores de 2 años. Es causada mayormente por el virus sincitial respiratorio (VSR) y se caracteriza por dificultad respiratoria, tos, sibilancias y en algunos casos fiebre. Puede requerir hospitalización si es grave."
¿Cómo se puede prevenir Bronquiolitis?,"Se previene evitando el contacto con personas enfermas, lavándose frecuentemente las manos, no exponiendo al bebé al humo del tabaco y promoviendo la lactancia materna. En niños de alto riesgo, se puede considerar la inmunización pasiva con palivizumab durante la temporada de VSR."
¿Cómo se detecta Bronquiolitis?,"El diagnóstico es clínico, basado en los síntomas y la auscultación pulmonar. En algunos casos se usan pruebas rápidas de detección viral o radiografías para descartar otras causas. La dificultad para respirar y la presencia de sibilancias son signos clave."
¿Qué recomendaciones generales se deben seguir si se tiene Bronquiolitis?,"Se debe mantener al niño bien hidratado, controlar la fiebre y vigilar signos de dificultad respiratoria. No se recomiendan antibióticos ni broncodilatadores de rutina. En casos moderados o graves puede requerirse oxígeno suplementario o ingreso hospitalario para vigilancia."
¿Qué es Parotiditis?,"La parotiditis, también conocida como paperas, es una enfermedad viral contagiosa causada por el virus de las paperas. Se manifiesta con inflamación dolorosa de las glándulas parótidas (salivales), fiebre, dolor al masticar y malestar general. Puede generar complicaciones como orquitis o meningitis si no se maneja adecuadamente."
¿Cómo se puede prevenir Parotiditis?,"La forma más eficaz de prevenirla es mediante la vacuna triple viral (sarampión, paperas y rubéola - MMR). Esta vacuna es parte del esquema de inmunización infantil y es altamente efectiva. También se debe evitar el contacto con personas infectadas durante el período de contagio."
¿Cómo se detecta Parotiditis?,"Se diagnostica clínicamente por la inflamación característica de las glándulas parótidas, acompañado de fiebre y malestar. En casos de duda, se puede confirmar con pruebas serológicas o PCR para detectar el virus de las paperas."
¿Qué recomendaciones generales se deben seguir si se tiene Parotiditis?,"Se recomienda reposo, mantener una adecuada hidratación, aplicar compresas frías en la zona afectada, y utilizar analgésicos o antipiréticos según indicación médica. Evitar alimentos ácidos que estimulen la saliva y mantenerse en aislamiento para prevenir contagios hasta que la inflamación desaparezca."
¿Qué es la rubéola?,"La rubéola es una infección viral contagiosa causada por el virus de la rubéola. Afecta principalmente a niños y adultos jóvenes. Aunque suele ser leve en los niños, puede causar graves complicaciones durante el embarazo, como el síndrome de rubéola congénita, que puede provocar malformaciones fetales."
¿Cómo se puede prevenir la rubéola?,"La forma más eficaz de prevenir la rubéola es mediante la vacunación con la vacuna triple viral (sarampión, paperas y rubéola). Esta vacuna se administra en la infancia y proporciona inmunidad de por vida en la mayoría de los casos."
¿Cómo se detecta la rubéola?,"Se detecta mediante la evaluación clínica de los síntomas (erupción cutánea, fiebre leve, ganglios inflamados) y mediante pruebas serológicas que identifican anticuerpos específicos contra el virus de la rubéola."
¿Qué recomendaciones generales se deben seguir si se tiene rubéola?,"Es importante el aislamiento para evitar contagiar a otros, especialmente a mujeres embarazadas. Se recomienda reposo, hidratación adecuada y seguimiento médico. En casos de mujeres embarazadas, se deben tomar medidas específicas para controlar los riesgos al feto."
¿Qué son las paperas?,"Las paperas son una infección viral causada por el virus de las paperas (paramixovirus). Se caracteriza por la inflamación dolorosa de las glándulas salivales, particularmente las parótidas. Puede provocar complicaciones como orquitis, meningitis o pérdida de audición."
¿Cómo se pueden prevenir las paperas?,"La prevención se logra mediante la vacuna triple viral (sarampión, paperas y rubéola). La vacunación en la infancia es clave para controlar brotes y evitar complicaciones."
¿Cómo se detectan las paperas?,"Se detectan por la presencia de inflamación de las glándulas salivales, fiebre y malestar general. Puede confirmarse con pruebas serológicas o PCR que detectan el virus."
¿Qué recomendaciones generales se deben seguir si se tienen paperas?,"Se recomienda reposo, aislamiento para evitar contagios, buena hidratación, uso de analgésicos para aliviar el dolor y acudir al médico ante signos de complicaciones como dolor testicular o rigidez de cuello."
¿Qué es el TDAH?,"El Trastorno por Déficit de Atención e Hiperactividad (TDAH) es un trastorno neurobiológico del desarrollo que se manifiesta por un patrón persistente de inatención, hiperactividad e impulsividad. Afecta el rendimiento académico, las relaciones interpersonales y el bienestar emocional."
¿Cómo se puede prevenir el TDAH?,"No se conoce una forma definitiva de prevenir el TDAH, ya que tiene un componente genético importante. Sin embargo, evitar el consumo de sustancias tóxicas durante el embarazo, fomentar ambientes estructurados y estables, y un adecuado control del desarrollo infantil pueden reducir el riesgo de aparición o severidad."
¿Cómo se detecta el TDAH?,"El diagnóstico es clínico y se basa en la observación de síntomas durante al menos seis meses en más de un entorno (hogar y escuela). Se utilizan entrevistas estructuradas, cuestionarios estandarizados y evaluación por profesionales en salud mental o neurología pediátrica."
¿Qué recomendaciones generales se deben seguir si se tiene TDAH?,"El tratamiento incluye intervenciones conductuales, psicoeducación para padres y maestros, adaptación del entorno escolar y, en algunos casos, medicación (como metilfenidato o atomoxetina). Es clave el seguimiento médico regular y apoyo psicológico."
¿Qué son las alergias alimentarias?,"Las alergias alimentarias son reacciones inmunológicas adversas que ocurren tras la ingestión de ciertos alimentos. Los alérgenos más comunes incluyen leche, huevo, maní, frutos secos, trigo, soya, pescado y mariscos."
¿Cómo se pueden prevenir las alergias alimentarias?,"La prevención incluye introducir alimentos potencialmente alergénicos de forma gradual y en edades adecuadas, según las guías pediátricas. Durante el embarazo y lactancia, no es necesario evitar estos alimentos a menos que haya antecedentes médicos claros."
¿Cómo se detectan las alergias alimentarias?,"El diagnóstico se realiza mediante historia clínica detallada, pruebas cutáneas de punción (prick test), análisis de IgE específica y, en algunos casos, pruebas de provocación oral supervisadas médicamente."
¿Qué recomendaciones generales se deben seguir si se tienen alergias alimentarias?,"Evitar completamente el alimento causante, leer etiquetas, llevar una dieta supervisada por nutricionistas y, en casos graves, portar autoinyectores de epinefrina para reacciones anafilácticas. El seguimiento médico es esencial."
¿Qué es la amigdalitis?,"La amigdalitis es la inflamación de las amígdalas, generalmente causada por infecciones virales o bacterianas (como Streptococcus pyogenes). Produce dolor de garganta, fiebre, dificultad para tragar y enrojecimiento de las amígdalas."
¿Cómo se puede prevenir la amigdalitis?,"Se previene mediante una buena higiene, como el lavado frecuente de manos, evitar compartir utensilios y mantener una dieta equilibrada para fortalecer el sistema inmunológico. Evitar el contacto con personas infectadas también ayuda."
¿Cómo se detecta la amigdalitis?,"El diagnóstico es clínico, basado en los síntomas y la inspección de la garganta. Puede confirmarse con pruebas rápidas de detección de estreptococo o cultivo de exudado faríngeo."
¿Qué recomendaciones generales se deben seguir si se tiene amigdalitis?,"Descanso, hidratación, analgésicos y antitérmicos. Si es bacteriana, se indica tratamiento antibiótico. Es importante completar el tratamiento y evitar el contacto cercano con otras personas hasta que no haya riesgo de contagio."
¿Qué es Trastorno de ansiedad generalizada?,"Es un trastorno caracterizado por una preocupación excesiva e incontrolable sobre diversos aspectos de la vida diaria durante al menos seis meses. Puede interferir significativamente con las actividades cotidianas y se acompaña de síntomas físicos como fatiga, tensión muscular, irritabilidad y dificultades para concentrarse."
¿Cómo se puede prevenir Trastorno de ansiedad generalizada?,"Aunque no siempre se puede prevenir, se recomienda fomentar el manejo saludable del estrés, practicar técnicas de relajación, mantener una red de apoyo social y buscar ayuda profesional ante signos tempranos de ansiedad."
¿Cómo se detecta Trastorno de ansiedad generalizada?,"Se diagnostica mediante entrevistas clínicas estructuradas que evalúan la duración, intensidad y naturaleza de la preocupación, según criterios del DSM-5. También se descartan otras condiciones médicas o psiquiátricas."
¿Qué recomendaciones generales se deben seguir si se tiene Trastorno de ansiedad generalizada?,"Es recomendable recibir psicoterapia (especialmente terapia cognitivo-conductual), mantener hábitos saludables, evitar el consumo de cafeína o alcohol en exceso, y seguir el tratamiento farmacológico si está prescrito."
¿Qué es Depresión mayor?,"Es un trastorno del estado de ánimo caracterizado por tristeza persistente, pérdida de interés en actividades habituales, fatiga, alteraciones del sueño o apetito, y pensamientos de inutilidad o muerte, durante al menos dos semanas consecutivas."
¿Cómo se puede prevenir Depresión mayor?,"La prevención incluye la promoción de la salud mental, reducción del estrés, fortalecimiento de vínculos sociales, identificación temprana de síntomas depresivos y acceso a apoyo psicológico cuando sea necesario."
¿Cómo se detecta Depresión mayor?,"Se diagnostica mediante evaluación clínica basada en criterios del DSM-5 y escalas validadas como el Inventario de Depresión de Beck. Se analiza la duración e impacto funcional de los síntomas."
¿Qué recomendaciones generales se deben seguir si se tiene Depresión mayor?,"Seguir un plan de tratamiento individualizado que incluya psicoterapia, medicamentos si son indicados, actividad física regular, buena higiene del sueño y evitar el aislamiento."
¿Qué es Trastorno obsesivo-compulsivo (TOC)?,"Es un trastorno de ansiedad caracterizado por obsesiones (pensamientos intrusivos y recurrentes) y compulsiones (conductas repetitivas) que la persona realiza para reducir la ansiedad. Interfiere con la vida cotidiana."
¿Cómo se puede prevenir Trastorno obsesivo-compulsivo (TOC)?,"No siempre es prevenible, pero el diagnóstico y tratamiento temprano puede reducir su impacto. La educación sobre salud mental y la intervención precoz son clave."
¿Cómo se detecta Trastorno obsesivo-compulsivo (TOC)?,"Se diagnostica mediante entrevista clínica basada en el DSM-5, y puede utilizarse la Escala de Obsesiones y Compulsiones de Yale-Brown para evaluar la severidad."
¿Qué recomendaciones generales se deben seguir si se tiene Trastorno obsesivo-compulsivo (TOC)?,"Se recomienda la terapia cognitivo-conductual con exposición y prevención de respuesta, el uso de ISRS (inhibidores selectivos de la recaptación de serotonina), y apoyo psicoeducativo al entorno."
¿Qué es Trastorno de pánico?,"Es un trastorno de ansiedad caracterizado por ataques de pánico recurrentes e inesperados, que incluyen síntomas físicos intensos como palpitaciones, sudoración, temblores, sensación de ahogo o miedo a morir."
¿Cómo se puede prevenir Trastorno de pánico?,"Puede prevenirse en parte reduciendo el estrés, evitando estimulantes como la cafeína y atendiendo los primeros signos de ansiedad con apoyo psicológico."
¿Cómo se detecta Trastorno de pánico?,"Se diagnostica clínicamente mediante la historia del paciente, según los criterios del DSM-5. También se descartan causas médicas de los síntomas físicos."
¿Qué recomendaciones generales se deben seguir si se tiene Trastorno de pánico?,"Incluir terapia cognitivo-conductual, manejo del estrés, posible medicación con antidepresivos o ansiolíticos, y educación sobre la naturaleza de los ataques."
¿Qué es Trastorno bipolar?,"Es un trastorno del estado de ánimo caracterizado por episodios de manía (estado de euforia, hiperactividad e impulsividad) y depresión, que alteran significativamente el funcionamiento diario."
¿Cómo se puede prevenir Trastorno bipolar?,"No se puede prevenir del todo, pero el tratamiento temprano, la adherencia a la medicación y evitar desencadenantes como el insomnio o el estrés ayudan a controlar los episodios."
¿Cómo se detecta Trastorno bipolar?,"Se diagnostica mediante evaluación clínica con criterios del DSM-5, revisión de la historia del estado de ánimo, y a veces con la ayuda de familiares para identificar los episodios."
¿Qué recomendaciones generales se deben seguir si se tiene Trastorno bipolar?,"Seguir tratamiento farmacológico con estabilizadores del ánimo, mantener rutinas estables, dormir adecuadamente y asistir regularmente a terapia."
¿Qué es Trastorno de estrés postraumático (TEPT)?,"Es un trastorno que puede desarrollarse tras la exposición a un evento traumático. Se caracteriza por recuerdos intrusivos, pesadillas, hipervigilancia, y evitación de situaciones relacionadas con el trauma."
¿Cómo se puede prevenir Trastorno de estrés postraumático (TEPT)?,"El apoyo psicológico inmediato tras una experiencia traumática y el acceso a redes de apoyo pueden reducir el riesgo. La detección temprana también es importante."
¿Cómo se detecta Trastorno de estrés postraumático (TEPT)?,"Se diagnostica mediante entrevistas clínicas según el DSM-5, valorando la intensidad y persistencia de los síntomas tras el trauma."
¿Qué recomendaciones generales se deben seguir si se tiene Trastorno de estrés postraumático (TEPT)?,"Se recomienda la terapia cognitivo-conductual centrada en el trauma, EMDR (desensibilización y reprocesamiento por movimientos oculares), y en algunos casos, tratamiento farmacológico."
¿Qué es Fobia social?,"También conocida como trastorno de ansiedad social, es un miedo intenso y persistente a situaciones sociales por temor al juicio o evaluación negativa de los demás."
¿Cómo se puede prevenir Fobia social?,"La prevención puede incluir fortalecer la autoestima en etapas tempranas, evitar el aislamiento, y promover habilidades sociales. La detección precoz ayuda."
¿Cómo se detecta Fobia social?,"Se basa en entrevista clínica y en herramientas como la Escala de Ansiedad Social de Liebowitz. Se evalúa el grado de interferencia en la vida diaria."
¿Qué recomendaciones generales se deben seguir si se tiene Fobia social?,"Realizar terapia cognitivo-conductual con exposición gradual, desarrollar habilidades sociales, y en algunos casos, medicación como ISRS."
¿Qué es Fobia específica?,"Es un trastorno de ansiedad caracterizado por miedo intenso, irracional y persistente hacia un objeto o situación específica, como volar, alturas o animales."
¿Cómo se puede prevenir Fobia específica?,"La prevención directa no siempre es posible, pero la exposición temprana controlada a situaciones temidas puede reducir el riesgo. También influye el modelado parental."
¿Cómo se detecta Fobia específica?,"Se detecta mediante entrevista clínica y evaluación del miedo desproporcionado al estímulo específico y su impacto funcional."
¿Qué recomendaciones generales se deben seguir si se tiene Fobia específica?,"La terapia de exposición es la intervención más eficaz. La terapia cognitivo-conductual también puede ayudar a modificar pensamientos disfuncionales."
¿Qué es Trastorno de la alimentación (anorexia)?,"Es un trastorno caracterizado por restricción extrema en la ingesta de alimentos, miedo intenso a subir de peso y una imagen corporal distorsionada. Puede causar graves consecuencias médicas."
¿Cómo se puede prevenir Trastorno de la alimentación (anorexia)?,"Fomentar una imagen corporal saludable, evitar comentarios negativos sobre el peso en la infancia y adolescencia, y educar sobre nutrición pueden ser medidas preventivas."
¿Cómo se detecta Trastorno de la alimentación (anorexia)?,"Se detecta mediante evaluación clínica y nutricional, análisis físicos y entrevistas psiquiátricas. El peso corporal bajo suele ser un criterio clave."
¿Qué recomendaciones generales se deben seguir si se tiene Trastorno de la alimentación (anorexia)?,"Es fundamental un enfoque multidisciplinario con tratamiento psicológico, nutricional y médico. La terapia familiar también es útil, especialmente en adolescentes."
¿Qué es Bulimia nerviosa?,"Es un trastorno alimentario caracterizado por episodios de ingesta excesiva de alimentos seguidos de conductas compensatorias como vómitos autoinducidos, uso de laxantes o ejercicio excesivo."
¿Cómo se puede prevenir Bulimia nerviosa?,"Se puede prevenir con educación temprana sobre hábitos alimentarios saludables, buena autoestima y evitando la presión social sobre la apariencia."
¿Cómo se detecta Bulimia nerviosa?,"Se detecta con entrevistas clínicas, revisión de patrones alimentarios y comportamientos compensatorios, además de signos físicos como erosión dental."
¿Qué recomendaciones generales se deben seguir si se tiene Bulimia nerviosa?,"El tratamiento incluye psicoterapia (preferiblemente cognitivo-conductual), atención médica, restauración de hábitos alimentarios saludables y soporte familiar."